"","genus","family","order","class"
"1","Mertensophryne","Bufonidae","Anura","Amphibia"
"2","Poyntonophrynus","Bufonidae","Anura","Amphibia"
"3","Capensibufo","Bufonidae","Anura","Amphibia"
"4","Rhinella","Bufonidae","Anura","Amphibia"
"5","Incilius","Bufonidae","Anura","Amphibia"
"6","Anaxyrus","Bufonidae","Anura","Amphibia"
"7","Atelopus","Bufonidae","Anura","Amphibia"
"8","Metaphryniscus","Bufonidae","Anura","Amphibia"
"9","Nannophryne","Bufonidae","Anura","Amphibia"
"10","Dendrophryniscus","Bufonidae","Anura","Amphibia"
"11","Amazophrynella","Bufonidae","Anura","Amphibia"
"12","Rhaebo","Bufonidae","Anura","Amphibia"
"13","Oreophrynella","Bufonidae","Anura","Amphibia"
"14","Amietophrynus","Bufonidae","Anura","Amphibia"
"15","Vandijkophrynus","Bufonidae","Anura","Amphibia"
"16","Truebella","Bufonidae","Anura","Amphibia"
"17","Osornophryne","Bufonidae","Anura","Amphibia"
"18","Altiphrynoides","Bufonidae","Anura","Amphibia"
"19","Laurentophryne","Bufonidae","Anura","Amphibia"
"20","Bufo","Bufonidae","Anura","Amphibia"
"21","Sabahphrynus","Bufonidae","Anura","Amphibia"
"22","Strauchbufo","Bufonidae","Anura","Amphibia"
"23","Werneria","Bufonidae","Anura","Amphibia"
"24","Wolterstorffina","Bufonidae","Anura","Amphibia"
"25","Didynamipus","Bufonidae","Anura","Amphibia"
"26","Nimbaphrynoides","Bufonidae","Anura","Amphibia"
"27","Nectophryne","Bufonidae","Anura","Amphibia"
"28","Leptophryne","Bufonidae","Anura","Amphibia"
"29","Epidalea","Bufonidae","Anura","Amphibia"
"30","Pedostibes","Bufonidae","Anura","Amphibia"
"31","Ansonia","Bufonidae","Anura","Amphibia"
"32","Pelophryne","Bufonidae","Anura","Amphibia"
"33","Ghatophryne","Bufonidae","Anura","Amphibia"
"34","Barbarophryne","Bufonidae","Anura","Amphibia"
"35","Ingerophrynus","Bufonidae","Anura","Amphibia"
"36","Phrynoidis","Bufonidae","Anura","Amphibia"
"37","Duttaphrynus","Bufonidae","Anura","Amphibia"
"38","Xanthophryne","Bufonidae","Anura","Amphibia"
"39","Adenomus","Bufonidae","Anura","Amphibia"
"40","Nectophrynoides","Bufonidae","Anura","Amphibia"
"41","Churamiti","Bufonidae","Anura","Amphibia"
"42","Schismaderma","Bufonidae","Anura","Amphibia"
"43","Bufotes","Bufonidae","Anura","Amphibia"
"44","Andinophryne","Bufonidae","Anura","Amphibia"
"45","Bufoides","Bufonidae","Anura","Amphibia"
"46","Parapelophryne","Bufonidae","Anura","Amphibia"
"47","Peltophryne","Bufonidae","Anura","Amphibia"
"48","Pseudobufo","Bufonidae","Anura","Amphibia"
"49","Frostius","Bufonidae","Anura","Amphibia"
"50","Melanophryniscus","Alsodidae","Anura","Amphibia"
"51","Proceratophrys","Alsodidae","Anura","Amphibia"
"52","Odontophrynus","Alsodidae","Anura","Amphibia"
"53","Macrogenioglottus","Leptodactylidae","Anura","Amphibia"
"54","Leptodactylus","Leptodactylidae","Anura","Amphibia"
"55","Hydrolaetare","Leptodactylidae","Anura","Amphibia"
"56","Adenomera","Leptodactylidae","Anura","Amphibia"
"57","Lithodytes","Leptodactylidae","Anura","Amphibia"
"58","Paratelmatobius","Leptodactylidae","Anura","Amphibia"
"59","Scythrophrys","Leptodactylidae","Anura","Amphibia"
"60","Crossodactylodes","Leptodactylidae","Anura","Amphibia"
"61","Rupirana","Leptodactylidae","Anura","Amphibia"
"62","Physalaemus","Leptodactylidae","Anura","Amphibia"
"63","Eupemphix","Leptodactylidae","Anura","Amphibia"
"64","Engystomops","Leptodactylidae","Anura","Amphibia"
"65","Edalorhina","Leptodactylidae","Anura","Amphibia"
"66","Somuncuria","Leptodactylidae","Anura","Amphibia"
"67","Pleurodema","Leptodactylidae","Anura","Amphibia"
"68","Pseudopaludicola","Centrolenidae","Anura","Amphibia"
"69","Centrolene","Centrolenidae","Anura","Amphibia"
"70","Espadarana","Centrolenidae","Anura","Amphibia"
"71","Vitreorana","Centrolenidae","Anura","Amphibia"
"72","Cochranella","Centrolenidae","Anura","Amphibia"
"73","Nymphargus","Centrolenidae","Anura","Amphibia"
"74","Chimerella","Centrolenidae","Anura","Amphibia"
"75","Sachatamia","Centrolenidae","Anura","Amphibia"
"76","Teratohyla","Centrolenidae","Anura","Amphibia"
"77","Rulyrana","Centrolenidae","Anura","Amphibia"
"78","Ikakogi","Centrolenidae","Anura","Amphibia"
"79","Hyalinobatrachium","Centrolenidae","Anura","Amphibia"
"80","Celsiella","Allophrynidae","Anura","Amphibia"
"81","Allophryne","Hylidae","Anura","Amphibia"
"82","Hyla","Hylidae","Anura","Amphibia"
"83","Isthmohyla","Hylidae","Anura","Amphibia"
"84","Smilisca","Hylidae","Anura","Amphibia"
"85","Anotheca","Hylidae","Anura","Amphibia"
"86","Triprion","Hylidae","Anura","Amphibia"
"87","Diaglena","Hylidae","Anura","Amphibia"
"88","Tlalocohyla","Hylidae","Anura","Amphibia"
"89","Charadrahyla","Hylidae","Anura","Amphibia"
"90","Megastomatohyla","Hylidae","Anura","Amphibia"
"91","Duellmanohyla","Hylidae","Anura","Amphibia"
"92","Bromeliohyla","Hylidae","Anura","Amphibia"
"93","Ptychohyla","Hylidae","Anura","Amphibia"
"94","Ecnomiohyla","Hylidae","Anura","Amphibia"
"95","Plectrohyla","Hylidae","Anura","Amphibia"
"96","Exerodonta","Hylidae","Anura","Amphibia"
"97","Pseudacris","Hylidae","Anura","Amphibia"
"98","Acris","Hylidae","Anura","Amphibia"
"99","Osteocephalus","Hylidae","Anura","Amphibia"
"100","Tepuihyla","Hylidae","Anura","Amphibia"
"101","Osteopilus","Hylidae","Anura","Amphibia"
"102","Phyllodytes","Hylidae","Anura","Amphibia"
"103","Itapotihyla","Hylidae","Anura","Amphibia"
"104","Trachycephalus","Hylidae","Anura","Amphibia"
"105","Corythomantis","Hylidae","Anura","Amphibia"
"106","Aparasphenodon","Hylidae","Anura","Amphibia"
"107","Argenteohyla","Hylidae","Anura","Amphibia"
"108","Nyctimantis","Hylidae","Anura","Amphibia"
"109","Dryaderces","Hylidae","Anura","Amphibia"
"110","Phytotriades","Hylidae","Anura","Amphibia"
"111","Scinax","Hylidae","Anura","Amphibia"
"112","Sphaenorhynchus","Hylidae","Anura","Amphibia"
"113","Dendropsophus","Hylidae","Anura","Amphibia"
"114","Xenohyla","Hylidae","Anura","Amphibia"
"115","Pseudis","Hylidae","Anura","Amphibia"
"116","Lysapsus","Hylidae","Anura","Amphibia"
"117","Scarthyla","Hylidae","Anura","Amphibia"
"118","Myersiohyla","Hylidae","Anura","Amphibia"
"119","Hypsiboas","Hylidae","Anura","Amphibia"
"120","Aplastodiscus","Hylidae","Anura","Amphibia"
"121","Bokermannohyla","Hylidae","Anura","Amphibia"
"122","Hyloscirtus","Hylidae","Anura","Amphibia"
"123","Litoria","Hylidae","Anura","Amphibia"
"124","Cyclorana","Hylidae","Anura","Amphibia"
"125","Nyctimystes","Hylidae","Anura","Amphibia"
"126","Phyllomedusa","Hylidae","Anura","Amphibia"
"127","Phasmahyla","Hylidae","Anura","Amphibia"
"128","Agalychnis","Hylidae","Anura","Amphibia"
"129","Pachymedusa","Hylidae","Anura","Amphibia"
"130","Hylomantis","Hylodidae","Anura","Amphibia"
"131","Phrynomedusa","Hylodidae","Anura","Amphibia"
"132","Cruziohyla","Hylodidae","Anura","Amphibia"
"133","Hylodes","Alsodidae","Anura","Amphibia"
"134","Megaelosia","Alsodidae","Anura","Amphibia"
"135","Crossodactylus","Cycloramphidae","Anura","Amphibia"
"136","Alsodes","Batrachylidae","Anura","Amphibia"
"137","Eupsophus","Batrachylidae","Anura","Amphibia"
"138","Limnomedusa","Batrachylidae","Anura","Amphibia"
"139","Atelognathus","Alsodidae","Anura","Amphibia"
"140","Batrachyla","Cycloramphidae","Anura","Amphibia"
"141","Chaltenobatrachus","Cycloramphidae","Anura","Amphibia"
"142","Hylorina","Cycloramphidae","Anura","Amphibia"
"143","Zachaenus","Ceratophryidae","Anura","Amphibia"
"144","Cycloramphus","Ceratophryidae","Anura","Amphibia"
"145","Thoropa","Rhinodermatidae","Anura","Amphibia"
"146","Telmatobius","Rhinodermatidae","Anura","Amphibia"
"147","Batrachophrynus","Ceratophryidae","Anura","Amphibia"
"148","Rhinoderma","Ceratophryidae","Anura","Amphibia"
"149","Insuetophrynus","Ceratophryidae","Anura","Amphibia"
"150","Ceratophrys","Strabomantidae","Anura","Amphibia"
"151","Lepidobatrachus","Strabomantidae","Anura","Amphibia"
"152","Chacophrys","Strabomantidae","Anura","Amphibia"
"153","Pristimantis","Strabomantidae","Anura","Amphibia"
"154","Oreobates","Strabomantidae","Anura","Amphibia"
"155","Lynchius","Strabomantidae","Anura","Amphibia"
"156","Atopophrynus","Strabomantidae","Anura","Amphibia"
"157","Phrynopus","Strabomantidae","Anura","Amphibia"
"158","Hypodactylus","Strabomantidae","Anura","Amphibia"
"159","Psychrophrynella","Strabomantidae","Anura","Amphibia"
"160","Noblella","Strabomantidae","Anura","Amphibia"
"161","Euparkerella","Strabomantidae","Anura","Amphibia"
"162","Holoaden","Strabomantidae","Anura","Amphibia"
"163","Bryophryne","Strabomantidae","Anura","Amphibia"
"164","Barycholos","Strabomantidae","Anura","Amphibia"
"165","Dischidodactylus","Strabomantidae","Anura","Amphibia"
"166","Geobatrachus","Strabomantidae","Anura","Amphibia"
"167","Paramophrynella","Strabomantidae","Anura","Amphibia"
"168","Niceforonia","Craugastoridae","Anura","Amphibia"
"169","Mucubatrachus","Craugastoridae","Anura","Amphibia"
"170","Strabomantis","Eleutherodactylidae","Anura","Amphibia"
"171","Craugastor","Eleutherodactylidae","Anura","Amphibia"
"172","Haddadus","Eleutherodactylidae","Anura","Amphibia"
"173","Eleutherodactylus","Eleutherodactylidae","Anura","Amphibia"
"174","Diasporus","Brachycephalidae","Anura","Amphibia"
"175","Adelophryne","Brachycephalidae","Anura","Amphibia"
"176","Phyzelaphryne","Ceuthomantidae","Anura","Amphibia"
"177","Ischnocnema","Hemiphractidae","Anura","Amphibia"
"178","Brachycephalus","Hemiphractidae","Anura","Amphibia"
"179","Ceuthomantis","Hemiphractidae","Anura","Amphibia"
"180","Gastrotheca","Hemiphractidae","Anura","Amphibia"
"181","Fritziana","Hemiphractidae","Anura","Amphibia"
"182","Stefania","Hemiphractidae","Anura","Amphibia"
"183","Flectonotus","Dendrobatidae","Anura","Amphibia"
"184","Cryptobatrachus","Dendrobatidae","Anura","Amphibia"
"185","Hemiphractus","Dendrobatidae","Anura","Amphibia"
"186","Hyloxalus","Dendrobatidae","Anura","Amphibia"
"187","Ranitomeya","Dendrobatidae","Anura","Amphibia"
"188","Andinobates","Dendrobatidae","Anura","Amphibia"
"189","Excidobates","Dendrobatidae","Anura","Amphibia"
"190","Oophaga","Dendrobatidae","Anura","Amphibia"
"191","Dendrobates","Dendrobatidae","Anura","Amphibia"
"192","Adelphobates","Dendrobatidae","Anura","Amphibia"
"193","Minyobates","Dendrobatidae","Anura","Amphibia"
"194","Phyllobates","Dendrobatidae","Anura","Amphibia"
"195","Colostethus","Dendrobatidae","Anura","Amphibia"
"196","Ameerega","Dendrobatidae","Anura","Amphibia"
"197","Silverstoneia","Dendrobatidae","Anura","Amphibia"
"198","Epipedobates",NA,NA,NA
"199","Aromobates",NA,NA,NA
"200","Mannophryne",NA,NA,NA
"201","Anomaloglossus","Dendrobatidae","Anura","Amphibia"
"202","Rheobates","Dendrobatidae","Anura","Amphibia"
"203","Allobates","Dendrobatidae","Anura","Amphibia"
"204","Uperoleia","Myobatrachidae","Anura","Amphibia"
"205","Spicospina","Myobatrachidae","Anura","Amphibia"
"206","Pseudophryne","Myobatrachidae","Anura","Amphibia"
"207","Arenophryne","Myobatrachidae","Anura","Amphibia"
"208","Metacrinia","Myobatrachidae","Anura","Amphibia"
"209","Myobatrachus","Myobatrachidae","Anura","Amphibia"
"210","Crinia","Myobatrachidae","Anura","Amphibia"
"211","Geocrinia","Myobatrachidae","Anura","Amphibia"
"212","Assa","Myobatrachidae","Anura","Amphibia"
"213","Paracrinia","Myobatrachidae","Anura","Amphibia"
"214","Taudactylus","Myobatrachidae","Anura","Amphibia"
"215","Mixophyes","Myobatrachidae","Anura","Amphibia"
"216","Rheobatrachus","Rheobatrachidae","Anura","Amphibia"
"217","Limnodynastes","Myobatrachidae","Anura","Amphibia"
"218","Philoria","Myobatrachidae","Anura","Amphibia"
"219","Adelotus","Myobatrachidae","Anura","Amphibia"
"220","Lechriodus","Myobatrachidae","Anura","Amphibia"
"221","Platyplectrum","Myobatrachidae","Anura","Amphibia"
"222","Neobatrachus","Myobatrachidae","Anura","Amphibia"
"223","Heleioporus","Myobatrachidae","Anura","Amphibia"
"224","Notaden","Myobatrachidae","Anura","Amphibia"
"225","Telmatobufo","Calyptocephalellidae","Anura","Amphibia"
"226","Calyptocephalella","Calyptocephalellidae","Anura","Amphibia"
"227","Chiromantis","Rhacophoridae","Anura","Amphibia"
"228","Rhacophorus","Rhacophoridae","Anura","Amphibia"
"229","Theloderma","Rhacophoridae","Anura","Amphibia"
"230","Feihyla","Rhacophoridae","Anura","Amphibia"
"231","Pseudophilautus","Rhacophoridae","Anura","Amphibia"
"232","Mercurana","Rhacophoridae","Anura","Amphibia"
"233","Raorchestes","Rhacophoridae","Anura","Amphibia"
"234","Kurixalus","Rhacophoridae","Anura","Amphibia"
"235","Polypedates","Rhacophoridae","Anura","Amphibia"
"236","Taruga","Rhacophoridae","Anura","Amphibia"
"237","Ghatixalus","Rhacophoridae","Anura","Amphibia"
"238","Gracixalus","Rhacophoridae","Anura","Amphibia"
"239","Gracilixalus","Rhacophoridae","Anura","Amphibia"
"240","Nyctixalus","Rhacophoridae","Anura","Amphibia"
"241","Philautus","Rhacophoridae","Anura","Amphibia"
"242","Beddomixalus","Rhacophoridae","Anura","Amphibia"
"243","Liuixalus","Rhacophoridae","Anura","Amphibia"
"244","Dendrobatorana","Mantellidae","Anura","Amphibia"
"245","Buergeria","Mantellidae","Anura","Amphibia"
"246","Gephyromantis","Mantellidae","Anura","Amphibia"
"247","Mantidactylus","Mantellidae","Anura","Amphibia"
"248","Boehmantis","Mantellidae","Anura","Amphibia"
"249","Spinomantis","Mantellidae","Anura","Amphibia"
"250","Guibemantis","Mantellidae","Anura","Amphibia"
"251","Blommersia","Mantellidae","Anura","Amphibia"
"252","Mantella","Mantellidae","Anura","Amphibia"
"253","Wakea","Mantellidae","Anura","Amphibia"
"254","Tsingymantis","Mantellidae","Anura","Amphibia"
"255","Boophis","Mantellidae","Anura","Amphibia"
"256","Aglyptodactylus","Ranidae","Anura","Amphibia"
"257","Laliostoma","Ranidae","Anura","Amphibia"
"258","Rana","Ranidae","Anura","Amphibia"
"259","Odorrana","Ranidae","Anura","Amphibia"
"260","Babina","Ranidae","Anura","Amphibia"
"261","Hylarana","Ranidae","Anura","Amphibia"
"262","Pterorana","Ranidae","Anura","Amphibia"
"263","Glandirana","Ranidae","Anura","Amphibia"
"264","Sanguirana","Ranidae","Anura","Amphibia"
"265","Rugosa","Ranidae","Anura","Amphibia"
"266","Pelophylax","Ranidae","Anura","Amphibia"
"267","Amolops","Ranidae","Anura","Amphibia"
"268","Meristogenys","Ranidae","Anura","Amphibia"
"269","Huia","Ranidae","Anura","Amphibia"
"270","Clinotarsus","Dicroglossidae","Anura","Amphibia"
"271","Staurois","Dicroglossidae","Anura","Amphibia"
"272","Fejervarya","Dicroglossidae","Anura","Amphibia"
"273","Sphaerotheca","Dicroglossidae","Anura","Amphibia"
"274","Euphlyctis","Dicroglossidae","Anura","Amphibia"
"275","Hoplobatrachus","Dicroglossidae","Anura","Amphibia"
"276","Nannophrys","Dicroglossidae","Anura","Amphibia"
"277","Chrysopaa","Dicroglossidae","Anura","Amphibia"
"278","Ombrana","Dicroglossidae","Anura","Amphibia"
"279","Limnonectes","Dicroglossidae","Anura","Amphibia"
"280","Nanorana","Dicroglossidae","Anura","Amphibia"
"281","Quasipaa","Dicroglossidae","Anura","Amphibia"
"282","Allopaa","Dicroglossidae","Anura","Amphibia"
"283","Occidozyga","Ranixalidae","Anura","Amphibia"
"284","Ingerana","Ceratobatrachidae","Anura","Amphibia"
"285","Indirana","Ceratobatrachidae","Anura","Amphibia"
"286","Platymantis","Ceratobatrachidae","Anura","Amphibia"
"287","Batrachylodes","Ceratobatrachidae","Anura","Amphibia"
"288","Discodeles","Ceratobatrachidae","Anura","Amphibia"
"289","Ceratobatrachus","Nyctibatrachidae","Anura","Amphibia"
"290","Palmatorappia","Nyctibatrachidae","Anura","Amphibia"
"291","Nyctibatrachus","Pyxicephalidae","Anura","Amphibia"
"292","Lankanectes","Pyxicephalidae","Anura","Amphibia"
"293","Amietia","Pyxicephalidae","Anura","Amphibia"
"294","Strongylopus","Pyxicephalidae","Anura","Amphibia"
"295","Cacosternum","Pyxicephalidae","Anura","Amphibia"
"296","Microbatrachella","Pyxicephalidae","Anura","Amphibia"
"297","Poyntonia","Pyxicephalidae","Anura","Amphibia"
"298","Arthroleptella","Pyxicephalidae","Anura","Amphibia"
"299","Natalobatrachus","Pyxicephalidae","Anura","Amphibia"
"300","Nothophryne","Pyxicephalidae","Anura","Amphibia"
"301","Anhydrophryne","Pyxicephalidae","Anura","Amphibia"
"302","Tomopterna","Pyxicephalidae","Anura","Amphibia"
"303","Pyxicephalus","Petropedetidae","Anura","Amphibia"
"304","Aubria","Petropedetidae","Anura","Amphibia"
"305","Petropedetes","Pyxicephalidae","Anura","Amphibia"
"306","Arthroleptides","Micrixalidae","Anura","Amphibia"
"307","Ericabatrachus","Petropedetidae","Anura","Amphibia"
"308","Micrixalus","Phrynobatrachidae","Anura","Amphibia"
"309","Conraua","Odontobatrachidae","Anura","Amphibia"
"310","Phrynobatrachus","Ptychadenidae","Anura","Amphibia"
"311","Odontobatrachus","Ptychadenidae","Anura","Amphibia"
"312","Ptychadena","Ptychadenidae","Anura","Amphibia"
"313","Hildebrandtia","Microhylidae","Anura","Amphibia"
"314","Lanzarana","Microhylidae","Anura","Amphibia"
"315","Cophixalus","Microhylidae","Anura","Amphibia"
"316","Oreophryne","Microhylidae","Anura","Amphibia"
"317","Austrochaperina","Microhylidae","Anura","Amphibia"
"318","Copiula","Microhylidae","Anura","Amphibia"
"319","Liophryne","Microhylidae","Anura","Amphibia"
"320","Barygenys","Microhylidae","Anura","Amphibia"
"321","Hylophorbus","Microhylidae","Anura","Amphibia"
"322","Pherohapsis","Microhylidae","Anura","Amphibia"
"323","Paedophryne","Microhylidae","Anura","Amphibia"
"324","Mantophryne","Microhylidae","Anura","Amphibia"
"325","Oxydactyla","Microhylidae","Anura","Amphibia"
"326","Callulops","Microhylidae","Anura","Amphibia"
"327","Albericus","Microhylidae","Anura","Amphibia"
"328","Choerophryne","Microhylidae","Anura","Amphibia"
"329","Genyophryne","Microhylidae","Anura","Amphibia"
"330","Sphenophryne","Microhylidae","Anura","Amphibia"
"331","Aphantophryne","Microhylidae","Anura","Amphibia"
"332","Xenorhina","Microhylidae","Anura","Amphibia"
"333","Asterophrys","Microhylidae","Anura","Amphibia"
"334","Metamagnusia","Microhylidae","Anura","Amphibia"
"335","Oninia","Microhylidae","Anura","Amphibia"
"336","Pseudocallulops","Microhylidae","Anura","Amphibia"
"337","Gastrophrynoides","Microhylidae","Anura","Amphibia"
"338","Microhyla","Microhylidae","Anura","Amphibia"
"339","Calluella","Microhylidae","Anura","Amphibia"
"340","Glyphoglossus","Microhylidae","Anura","Amphibia"
"341","Micryletta","Microhylidae","Anura","Amphibia"
"342","Chaperina","Microhylidae","Anura","Amphibia"
"343","Kaloula","Microhylidae","Anura","Amphibia"
"344","Ramanella","Microhylidae","Anura","Amphibia"
"345","Uperodon","Microhylidae","Anura","Amphibia"
"346","Metaphrynella","Microhylidae","Anura","Amphibia"
"347","Phrynella","Microhylidae","Anura","Amphibia"
"348","Dyscophus","Microhylidae","Anura","Amphibia"
"349","Kalophrynus","Microhylidae","Anura","Amphibia"
"350","Otophryne","Microhylidae","Anura","Amphibia"
"351","Synapturanus","Microhylidae","Anura","Amphibia"
"352","Melanobatrachus","Microhylidae","Anura","Amphibia"
"353","Stumpffia","Microhylidae","Anura","Amphibia"
"354","Anodonthyla","Microhylidae","Anura","Amphibia"
"355","Cophyla","Microhylidae","Anura","Amphibia"
"356","Rhombophryne","Microhylidae","Anura","Amphibia"
"357","Plethodontohyla","Microhylidae","Anura","Amphibia"
"358","Platypelis","Microhylidae","Anura","Amphibia"
"359","Madecassophryne","Microhylidae","Anura","Amphibia"
"360","Scaphiophryne","Microhylidae","Anura","Amphibia"
"361","Paradoxophyla","Microhylidae","Anura","Amphibia"
"362","Elachistocleis","Microhylidae","Anura","Amphibia"
"363","Gastrophryne","Microhylidae","Anura","Amphibia"
"364","Hypopachus","Microhylidae","Anura","Amphibia"
"365","Dermatonotus","Microhylidae","Anura","Amphibia"
"366","Arcovomer","Microhylidae","Anura","Amphibia"
"367","Hamptophryne","Microhylidae","Anura","Amphibia"
"368","Adelastes","Microhylidae","Anura","Amphibia"
"369","Stereocyclops","Microhylidae","Anura","Amphibia"
"370","Dasypops","Microhylidae","Anura","Amphibia"
"371","Myersiella","Microhylidae","Anura","Amphibia"
"372","Chiasmocleis","Microhylidae","Anura","Amphibia"
"373","Syncope","Microhylidae","Anura","Amphibia"
"374","Ctenophryne","Microhylidae","Anura","Amphibia"
"375","Hoplophryne","Microhylidae","Anura","Amphibia"
"376","Parhoplophryne","Hyperoliidae","Anura","Amphibia"
"377","Phrynomantis","Hyperoliidae","Anura","Amphibia"
"378","Chrysobatrachus","Hyperoliidae","Anura","Amphibia"
"379","Opisthothylax","Hyperoliidae","Anura","Amphibia"
"380","Arlequinus","Hyperoliidae","Anura","Amphibia"
"381","Callixalus","Hyperoliidae","Anura","Amphibia"
"382","Afrixalus","Hyperoliidae","Anura","Amphibia"
"383","Heterixalus","Hyperoliidae","Anura","Amphibia"
"384","Tachycnemis","Hyperoliidae","Anura","Amphibia"
"385","Paracassina","Hyperoliidae","Anura","Amphibia"
"386","Hyperolius","Hyperoliidae","Anura","Amphibia"
"387","Alexteroon","Hyperoliidae","Anura","Amphibia"
"388","Kassinula","Hyperoliidae","Anura","Amphibia"
"389","Morerella","Hyperoliidae","Anura","Amphibia"
"390","Chlorolius","Hyperoliidae","Anura","Amphibia"
"391","Kassina","Hyperoliidae","Anura","Amphibia"
"392","Phlyctimantis","Hyperoliidae","Anura","Amphibia"
"393","Semnodactylus","Hyperoliidae","Anura","Amphibia"
"394","Acanthixalus","Arthroleptidae","Anura","Amphibia"
"395","Cryptothylax","Arthroleptidae","Anura","Amphibia"
"396","Leptopelis","Arthroleptidae","Anura","Amphibia"
"397","Astylosternus","Arthroleptidae","Anura","Amphibia"
"398","Trichobatrachus","Arthroleptidae","Anura","Amphibia"
"399","Nyctibates",NA,NA,NA
"400","Scotobleps",NA,NA,NA
"401","Leptodactylodon","Arthroleptidae","Anura","Amphibia"
"402","Arthroleptis","Arthroleptidae","Anura","Amphibia"
"403","Cardioglossa","Arthroleptidae","Anura","Amphibia"
"404","Callulina","Brevicipitidae","Anura","Amphibia"
"405","Spelaeophryne","Brevicipitidae","Anura","Amphibia"
"406","Probreviceps","Brevicipitidae","Anura","Amphibia"
"407","Balebreviceps","Brevicipitidae","Anura","Amphibia"
"408","Breviceps","Brevicipitidae","Anura","Amphibia"
"409","Hemisus","Hemisotidae","Anura","Amphibia"
"410","Sooglossus","Sooglossidae","Anura","Amphibia"
"411","Sechellophryne","Sooglossidae","Anura","Amphibia"
"412","Nasikabatrachus","Nasikabatrachidae","Anura","Amphibia"
"413","Heleophryne","Heleophrynidae","Anura","Amphibia"
"414","Hadromophryne","Heleophrynidae","Anura","Amphibia"
"415","Scutiger","Megophryidae","Anura","Amphibia"
"416","Oreolalax","Megophryidae","Anura","Amphibia"
"417","Borneophrys","Megophryidae","Anura","Amphibia"
"418","Leptobrachella","Megophryidae","Anura","Amphibia"
"419","Leptobrachium","Megophryidae","Anura","Amphibia"
"420","Vibrissaphora","Megophryidae","Anura","Amphibia"
"421","Leptolalax","Megophryidae","Anura","Amphibia"
"422","Xenophrys","Megophryidae","Anura","Amphibia"
"423","Brachytarsophrys","Megophryidae","Anura","Amphibia"
"424","Ophryophryne","Megophryidae","Anura","Amphibia"
"425","Megophrys","Megophryidae","Anura","Amphibia"
"426","Pelobates","Pelobatidae","Anura","Amphibia"
"427","Pelodytes","Pelodytidae","Anura","Amphibia"
"428","Spea","Pelobatidae","Anura","Amphibia"
"429","Scaphiopus","Pelobatidae","Anura","Amphibia"
"430","Xenopus","Pipidae","Anura","Amphibia"
"431","Hymenochirus","Pipidae","Anura","Amphibia"
"432","Pseudhymenochirus","Pipidae","Anura","Amphibia"
"433","Pipa","Pipidae","Anura","Amphibia"
"434","Rhinophrynus","Rhinophrynidae","Anura","Amphibia"
"435","Discoglossus","Alytidae","Anura","Amphibia"
"436","Latonia","Alytidae","Anura","Amphibia"
"437","Alytes","Alytidae","Anura","Amphibia"
"438","Bombina","Bombinatoridae","Anura","Amphibia"
"439","Barbourula","Bombinatoridae","Anura","Amphibia"
"440","Leiopelma","Leiopelmatidae","Anura","Amphibia"
"441","Ascaphus","Ascaphidae","Anura","Amphibia"
"442","Bolitoglossa","Plethodontidae","Caudata","Amphibia"
"443","Pseudoeurycea","Plethodontidae","Caudata","Amphibia"
"444","Ixalotriton","Plethodontidae","Caudata","Amphibia"
"445","Parvimolge","Plethodontidae","Caudata","Amphibia"
"446","Oedipina","Plethodontidae","Caudata","Amphibia"
"447","Bradytriton","Plethodontidae","Caudata","Amphibia"
"448","Nototriton","Plethodontidae","Caudata","Amphibia"
"449","Dendrotriton","Plethodontidae","Caudata","Amphibia"
"450","Nyctanolis","Plethodontidae","Caudata","Amphibia"
"451","Thorius","Plethodontidae","Caudata","Amphibia"
"452","Chiropterotriton","Plethodontidae","Caudata","Amphibia"
"453","Cryptotriton","Plethodontidae","Caudata","Amphibia"
"454","Batrachoseps","Plethodontidae","Caudata","Amphibia"
"455","Eurycea","Plethodontidae","Caudata","Amphibia"
"456","Haideotriton","Plethodontidae","Caudata","Amphibia"
"457","Urspelerpes","Plethodontidae","Caudata","Amphibia"
"458","Gyrinophilus","Plethodontidae","Caudata","Amphibia"
"459","Pseudotriton","Plethodontidae","Caudata","Amphibia"
"460","Stereochilus","Plethodontidae","Caudata","Amphibia"
"461","Hemidactylium","Plethodontidae","Caudata","Amphibia"
"462","Plethodon","Plethodontidae","Caudata","Amphibia"
"463","Desmognathus","Plethodontidae","Caudata","Amphibia"
"464","Phaeognathus","Plethodontidae","Caudata","Amphibia"
"465","Aneides","Plethodontidae","Caudata","Amphibia"
"466","Ensatina","Plethodontidae","Caudata","Amphibia"
"467","Hydromantes","Plethodontidae","Caudata","Amphibia"
"468","Karsenia","Plethodontidae","Caudata","Amphibia"
"469","Amphiuma","Amphiumidae","Caudata","Amphibia"
"470","Rhyacotriton","Rhyacotritonidae","Caudata","Amphibia"
"471","Necturus","Proteidae","Caudata","Amphibia"
"472","Proteus","Proteidae","Caudata","Amphibia"
"473","Paramesotriton","Salamandridae","Caudata","Amphibia"
"474","Pachytriton","Salamandridae","Caudata","Amphibia"
"475","Laotriton","Salamandridae","Caudata","Amphibia"
"476","Cynops","Salamandridae","Caudata","Amphibia"
"477","Triturus","Salamandridae","Caudata","Amphibia"
"478","Calotriton","Salamandridae","Caudata","Amphibia"
"479","Neurergus","Salamandridae","Caudata","Amphibia"
"480","Ommatotriton","Salamandridae","Caudata","Amphibia"
"481","Lissotriton","Salamandridae","Caudata","Amphibia"
"482","Ichthyosaura","Salamandridae","Caudata","Amphibia"
"483","Euproctus","Salamandridae","Caudata","Amphibia"
"484","Taricha","Salamandridae","Caudata","Amphibia"
"485","Notophthalmus","Salamandridae","Caudata","Amphibia"
"486","Tylototriton","Salamandridae","Caudata","Amphibia"
"487","Echinotriton","Salamandridae","Caudata","Amphibia"
"488","Pleurodeles","Salamandridae","Caudata","Amphibia"
"489","Salamandrina","Salamandridae","Caudata","Amphibia"
"490","Lyciasalamandra","Salamandridae","Caudata","Amphibia"
"491","Salamandra","Salamandridae","Caudata","Amphibia"
"492","Chioglossa","Salamandridae","Caudata","Amphibia"
"493","Mertensiella","Salamandridae","Caudata","Amphibia"
"494","Ambystoma","Ambystomatidae","Caudata","Amphibia"
"495","Dicamptodon","Dicamptodontidae","Caudata","Amphibia"
"496","Siren","Sirenidae","Caudata","Amphibia"
"497","Pseudobranchus","Sirenidae","Caudata","Amphibia"
"498","Hynobius","Hynobiidae","Caudata","Amphibia"
"499","Pseudohynobius","Hynobiidae","Caudata","Amphibia"
"500","Liua","Hynobiidae","Caudata","Amphibia"
"501","Batrachuperus","Hynobiidae","Caudata","Amphibia"
"502","Salamandrella","Hynobiidae","Caudata","Amphibia"
"503","Pachyhynobius","Hynobiidae","Caudata","Amphibia"
"504","Paradactylodon","Hynobiidae","Caudata","Amphibia"
"505","Ranodon","Hynobiidae","Caudata","Amphibia"
"506","Onychodactylus","Hynobiidae","Caudata","Amphibia"
"507","Andrias","Cryptobranchidae","Caudata","Amphibia"
"508","Cryptobranchus","Cryptobranchidae","Caudata","Amphibia"
"509","Siphonops","Siphonopidae","Gymnophiona","Amphibia"
"510","Caecilita","Caeciliidae","Gymnophiona","Amphibia"
"511","Luetkenotyphlus","Siphonopidae","Gymnophiona","Amphibia"
"512","Brasilotyphlus","Caeciliidae","Gymnophiona","Amphibia"
"513","Mimosiphonops","Caeciliidae","Gymnophiona","Amphibia"
"514","Parvicaecilia","Caeciliidae","Gymnophiona","Amphibia"
"515","Microcaecilia","Siphonopidae","Gymnophiona","Amphibia"
"516","Dermophis","Dermophiidae","Gymnophiona","Amphibia"
"517","Gymnopis","Dermophiidae","Gymnophiona","Amphibia"
"518","Schistometopum","Dermophiidae","Gymnophiona","Amphibia"
"519","Geotrypetes","Dermophiidae","Gymnophiona","Amphibia"
"520","Gegeneophis","Indotyphlidae","Gymnophiona","Amphibia"
"521","Indotyphlus","Indotyphlidae","Gymnophiona","Amphibia"
"522","Grandisonia","Indotyphlidae","Gymnophiona","Amphibia"
"523","Hypogeophis","Indotyphlidae","Gymnophiona","Amphibia"
"524","Praslinia","Indotyphlidae","Gymnophiona","Amphibia"
"525","Sylvacaecilia","Caeciliidae","Gymnophiona","Amphibia"
"526","Idiocranium","Indotyphlidae","Gymnophiona","Amphibia"
"527","Caecilia","Caeciliidae","Gymnophiona","Amphibia"
"528","Oscaecilia","Caeciliidae","Gymnophiona","Amphibia"
"529","Chthonerpeton","Typhlonectidae","Gymnophiona","Amphibia"
"530","Nectocaecilia","Caeciliidae","Gymnophiona","Amphibia"
"531","Potamotyphlus","Typhlonectidae","Gymnophiona","Amphibia"
"532","Atretochoana","Caeciliidae","Gymnophiona","Amphibia"
"533","Typhlonectes","Typhlonectidae","Gymnophiona","Amphibia"
"534","Boulengerula","Herpelidae","Gymnophiona","Amphibia"
"535","Herpele","Herpelidae","Gymnophiona","Amphibia"
"536","Chikila","Chikilidae","Gymnophiona","Amphibia"
"537","Crotaphatrema","Scolecomorphidae","Gymnophiona","Amphibia"
"538","Scolecomorphus","Scolecomorphidae","Gymnophiona","Amphibia"
"539","Ichthyophis","Ichthyophiidae","Gymnophiona","Amphibia"
"540","Caudacaecilia","Ichthyophiidae","Gymnophiona","Amphibia"
"541","Uraeotyphlus","Ichthyophiidae","Gymnophiona","Amphibia"
"542","Rhinatrema","Rhinatrematidae","Gymnophiona","Amphibia"
"543","Epicrionops","Rhinatrematidae","Gymnophiona","Amphibia"
